,0
IBM,2
services,2
get,2
This,1
solution,1
cloud,1
monitoring,1
logging,1
strategic,1
's,1
candidate,1
responsible,1
team,1
etc,1
Storage,1
Object,1
The,1
opportunity,1
Kubernetes,1
solve,1
complex,1
distributed,1
system,1
networking,1
problems,1
revolutionizing,1
way,1
organizations,1
manage,1
applications,1
IT,1
Cloud,1
technology,1
including,1
platform,1
includes,1
coding,1
testing,1
supporting,1
well,1
working,1
service,1
teams,1
provide,1
deeper,1
integration,1
consistent,1
experience,1
role,1
We,1
looking,1
motivated,1
candidates,1
willing,1
started,1
right,1
away,1
You,1
interact,1
cutting,1
edge,1
infrastructure,1
